Lower Tier Local Authorities Code,Lower Tier Local Authorities,Employment history (4 categories) Code,Employment history (4 categories),Observation
E06000001,Hartlepool,-8,Does not apply,55401
E06000001,Hartlepool,1,Not in employment: Worked in the last 12 months,3665
E06000001,Hartlepool,2,Not in employment: Not worked in the last 12 months,21189
E06000001,Hartlepool,3,Not in employment: Never worked,12083
E06000002,Middlesbrough,-8,Does not apply,86420
E06000002,Middlesbrough,1,Not in employment: Worked in the last 12 months,6900
E06000002,Middlesbrough,2,Not in employment: Not worked in the last 12 months,29159
E06000002,Middlesbrough,3,Not in employment: Never worked,21446
E06000003,Redcar and Cleveland,-8,Does not apply,79810
E06000003,Redcar and Cleveland,1,Not in employment: Worked in the last 12 months,5319
E06000003,Redcar and Cleveland,2,Not in employment: Not worked in the last 12 months,35561
E06000003,Redcar and Cleveland,3,Not in employment: Never worked,15841
E06000004,Stockton-on-Tees,-8,Does not apply,125028
E06000004,Stockton-on-Tees,1,Not in employment: Worked in the last 12 months,7562
E06000004,Stockton-on-Tees,2,Not in employment: Not worked in the last 12 months,43060
E06000004,Stockton-on-Tees,3,Not in employment: Never worked,20945
E06000005,Darlington,-8,Does not apply,68986
E06000005,Darlington,1,Not in employment: Worked in the last 12 months,4187
E06000005,Darlington,2,Not in employment: Not worked in the last 12 months,24280
E06000005,Darlington,3,Not in employment: Never worked,10345
E06000006,Halton,-8,Does not apply,83236
E06000006,Halton,1,Not in employment: Worked in the last 12 months,5006
E06000006,Halton,2,Not in employment: Not worked in the last 12 months,27938
E06000006,Halton,3,Not in employment: Never worked,12298
E06000007,Warrington,-8,Does not apply,141447
E06000007,Warrington,1,Not in employment: Worked in the last 12 months,8737
E06000007,Warrington,2,Not in employment: Not worked in the last 12 months,45614
E06000007,Warrington,3,Not in employment: Never worked,15176
E06000008,Blackburn with Darwen,-8,Does not apply,98787
E06000008,Blackburn with Darwen,1,Not in employment: Worked in the last 12 months,6016
E06000008,Blackburn with Darwen,2,Not in employment: Not worked in the last 12 months,28035
E06000008,Blackburn with Darwen,3,Not in employment: Never worked,21900
E06000009,Blackpool,-8,Does not apply,84060
E06000009,Blackpool,1,Not in employment: Worked in the last 12 months,6480
E06000009,Blackpool,2,Not in employment: Not worked in the last 12 months,35169
E06000009,Blackpool,3,Not in employment: Never worked,15328
E06000010,Kingston upon Hull,-8,Does not apply,170926
E06000010,Kingston upon Hull,1,Not in employment: Worked in the last 12 months,12135
E06000010,Kingston upon Hull,2,Not in employment: Not worked in the last 12 months,53599
E06000010,Kingston upon Hull,3,Not in employment: Never worked,30354
E06000011,East Riding of Yorkshire,-8,Does not apply,210195
E06000011,East Riding of Yorkshire,1,Not in employment: Worked in the last 12 months,13136
E06000011,East Riding of Yorkshire,2,Not in employment: Not worked in the last 12 months,93961
E06000011,East Riding of Yorkshire,3,Not in employment: Never worked,24923
E06000012,North East Lincolnshire,-8,Does not apply,98293
E06000012,North East Lincolnshire,1,Not in employment: Worked in the last 12 months,6086
E06000012,North East Lincolnshire,2,Not in employment: Not worked in the last 12 months,37093
E06000012,North East Lincolnshire,3,Not in employment: Never worked,15494
E06000013,North Lincolnshire,-8,Does not apply,106436
E06000013,North Lincolnshire,1,Not in employment: Worked in the last 12 months,6384
E06000013,North Lincolnshire,2,Not in employment: Not worked in the last 12 months,41614
E06000013,North Lincolnshire,3,Not in employment: Never worked,15245
E06000014,York,-8,Does not apply,126936
E06000014,York,1,Not in employment: Worked in the last 12 months,13505
E06000014,York,2,Not in employment: Not worked in the last 12 months,46259
E06000014,York,3,Not in employment: Never worked,16121
E06000015,Derby,-8,Does not apply,168375
E06000015,Derby,1,Not in employment: Worked in the last 12 months,12950
E06000015,Derby,2,Not in employment: Not worked in the last 12 months,53360
E06000015,Derby,3,Not in employment: Never worked,26679
E06000016,Leicester,-8,Does not apply,232491
E06000016,Leicester,1,Not in employment: Worked in the last 12 months,22738
E06000016,Leicester,2,Not in employment: Not worked in the last 12 months,58698
E06000016,Leicester,3,Not in employment: Never worked,54644
E06000017,Rutland,-8,Does not apply,25534
E06000017,Rutland,1,Not in employment: Worked in the last 12 months,1801
E06000017,Rutland,2,Not in employment: Not worked in the last 12 months,10952
E06000017,Rutland,3,Not in employment: Never worked,2762
E06000018,Nottingham,-8,Does not apply,188177
E06000018,Nottingham,1,Not in employment: Worked in the last 12 months,30227
E06000018,Nottingham,2,Not in employment: Not worked in the last 12 months,61658
E06000018,Nottingham,3,Not in employment: Never worked,43571
E06000019,Herefordshire,-8,Does not apply,118414
E06000019,Herefordshire,1,Not in employment: Worked in the last 12 months,7778
E06000019,Herefordshire,2,Not in employment: Not worked in the last 12 months,49096
E06000019,Herefordshire,3,Not in employment: Never worked,11749
E06000020,Telford and Wrekin,-8,Does not apply,122364
E06000020,Telford and Wrekin,1,Not in employment: Worked in the last 12 months,8069
E06000020,Telford and Wrekin,2,Not in employment: Not worked in the last 12 months,39460
E06000020,Telford and Wrekin,3,Not in employment: Never worked,15648
E06000021,Stoke-on-Trent,-8,Does not apply,165049
E06000021,Stoke-on-Trent,1,Not in employment: Worked in the last 12 months,11072
E06000021,Stoke-on-Trent,2,Not in employment: Not worked in the last 12 months,55133
E06000021,Stoke-on-Trent,3,Not in employment: Never worked,27115
E06000022,Bath and North East Somerset,-8,Does not apply,121603
E06000022,Bath and North East Somerset,1,Not in employment: Worked in the last 12 months,14000
E06000022,Bath and North East Somerset,2,Not in employment: Not worked in the last 12 months,44902
E06000022,Bath and North East Somerset,3,Not in employment: Never worked,12904
E06000023,Bristol,-8,Does not apply,321267
E06000023,Bristol,1,Not in employment: Worked in the last 12 months,29915
E06000023,Bristol,2,Not in employment: Not worked in the last 12 months,81992
E06000023,Bristol,3,Not in employment: Never worked,39291
E06000024,North Somerset,-8,Does not apply,140863
E06000024,North Somerset,1,Not in employment: Worked in the last 12 months,8211
E06000024,North Somerset,2,Not in employment: Not worked in the last 12 months,55379
E06000024,North Somerset,3,Not in employment: Never worked,12275
E06000025,South Gloucestershire,-8,Does not apply,200670
E06000025,South Gloucestershire,1,Not in employment: Worked in the last 12 months,12945
E06000025,South Gloucestershire,2,Not in employment: Not worked in the last 12 months,60322
E06000025,South Gloucestershire,3,Not in employment: Never worked,16487
E06000026,Plymouth,-8,Does not apply,167089
E06000026,Plymouth,1,Not in employment: Worked in the last 12 months,13936
E06000026,Plymouth,2,Not in employment: Not worked in the last 12 months,61100
E06000026,Plymouth,3,Not in employment: Never worked,22570
E06000027,Torbay,-8,Does not apply,81227
E06000027,Torbay,1,Not in employment: Worked in the last 12 months,5876
E06000027,Torbay,2,Not in employment: Not worked in the last 12 months,41371
E06000027,Torbay,3,Not in employment: Never worked,10850
E06000030,Swindon,-8,Does not apply,164125
E06000030,Swindon,1,Not in employment: Worked in the last 12 months,9461
E06000030,Swindon,2,Not in employment: Not worked in the last 12 months,43602
E06000030,Swindon,3,Not in employment: Never worked,16222
E06000031,Peterborough,-8,Does not apply,149068
E06000031,Peterborough,1,Not in employment: Worked in the last 12 months,9413
E06000031,Peterborough,2,Not in employment: Not worked in the last 12 months,37769
E06000031,Peterborough,3,Not in employment: Never worked,19423
E06000032,Luton,-8,Does not apply,151285
E06000032,Luton,1,Not in employment: Worked in the last 12 months,11164
E06000032,Luton,2,Not in employment: Not worked in the last 12 months,33473
E06000032,Luton,3,Not in employment: Never worked,29340
E06000033,Southend-on-Sea,-8,Does not apply,117535
E06000033,Southend-on-Sea,1,Not in employment: Worked in the last 12 months,7906
E06000033,Southend-on-Sea,2,Not in employment: Not worked in the last 12 months,40947
E06000033,Southend-on-Sea,3,Not in employment: Never worked,14298
E06000034,Thurrock,-8,Does not apply,125585
E06000034,Thurrock,1,Not in employment: Worked in the last 12 months,7527
E06000034,Thurrock,2,Not in employment: Not worked in the last 12 months,29008
E06000034,Thurrock,3,Not in employment: Never worked,13880
E06000035,Medway,-8,Does not apply,189622
E06000035,Medway,1,Not in employment: Worked in the last 12 months,11674
E06000035,Medway,2,Not in employment: Not worked in the last 12 months,55102
E06000035,Medway,3,Not in employment: Never worked,23375
E06000036,Bracknell Forest,-8,Does not apply,91071
E06000036,Bracknell Forest,1,Not in employment: Worked in the last 12 months,5257
E06000036,Bracknell Forest,2,Not in employment: Not worked in the last 12 months,21202
E06000036,Bracknell Forest,3,Not in employment: Never worked,7077
E06000037,West Berkshire,-8,Does not apply,113019
E06000037,West Berkshire,1,Not in employment: Worked in the last 12 months,6279
E06000037,West Berkshire,2,Not in employment: Not worked in the last 12 months,33468
E06000037,West Berkshire,3,Not in employment: Never worked,8682
E06000038,Reading,-8,Does not apply,121730
E06000038,Reading,1,Not in employment: Worked in the last 12 months,10242
E06000038,Reading,2,Not in employment: Not worked in the last 12 months,27392
E06000038,Reading,3,Not in employment: Never worked,14860
E06000039,Slough,-8,Does not apply,113266
E06000039,Slough,1,Not in employment: Worked in the last 12 months,7595
E06000039,Slough,2,Not in employment: Not worked in the last 12 months,19844
E06000039,Slough,3,Not in employment: Never worked,17795
E06000040,Windsor and Maidenhead,-8,Does not apply,106123
E06000040,Windsor and Maidenhead,1,Not in employment: Worked in the last 12 months,6748
E06000040,Windsor and Maidenhead,2,Not in employment: Not worked in the last 12 months,30298
E06000040,Windsor and Maidenhead,3,Not in employment: Never worked,10327
E06000041,Wokingham,-8,Does not apply,126148
E06000041,Wokingham,1,Not in employment: Worked in the last 12 months,7236
E06000041,Wokingham,2,Not in employment: Not worked in the last 12 months,34265
E06000041,Wokingham,3,Not in employment: Never worked,9853
E06000042,Milton Keynes,-8,Does not apply,205607
E06000042,Milton Keynes,1,Not in employment: Worked in the last 12 months,12969
E06000042,Milton Keynes,2,Not in employment: Not worked in the last 12 months,48631
E06000042,Milton Keynes,3,Not in employment: Never worked,19853
E06000043,Brighton and Hove,-8,Does not apply,181027
E06000043,Brighton and Hove,1,Not in employment: Worked in the last 12 months,18794
E06000043,Brighton and Hove,2,Not in employment: Not worked in the last 12 months,54447
E06000043,Brighton and Hove,3,Not in employment: Never worked,22835
E06000044,Portsmouth,-8,Does not apply,134970
E06000044,Portsmouth,1,Not in employment: Worked in the last 12 months,13423
E06000044,Portsmouth,2,Not in employment: Not worked in the last 12 months,41032
E06000044,Portsmouth,3,Not in employment: Never worked,18579
E06000045,Southampton,-8,Does not apply,162782
E06000045,Southampton,1,Not in employment: Worked in the last 12 months,16226
E06000045,Southampton,2,Not in employment: Not worked in the last 12 months,45845
E06000045,Southampton,3,Not in employment: Never worked,24069
E06000046,Isle of Wight,-8,Does not apply,78783
E06000046,Isle of Wight,1,Not in employment: Worked in the last 12 months,6193
E06000046,Isle of Wight,2,Not in employment: Not worked in the last 12 months,45548
E06000046,Isle of Wight,3,Not in employment: Never worked,9935
E06000047,County Durham,-8,Does not apply,310325
E06000047,County Durham,1,Not in employment: Worked in the last 12 months,23087
E06000047,County Durham,2,Not in employment: Not worked in the last 12 months,129645
E06000047,County Durham,3,Not in employment: Never worked,59011
E06000049,Cheshire East,-8,Does not apply,261785
E06000049,Cheshire East,1,Not in employment: Worked in the last 12 months,15517
E06000049,Cheshire East,2,Not in employment: Not worked in the last 12 months,96004
E06000049,Cheshire East,3,Not in employment: Never worked,25466
E06000050,Cheshire West and Chester,-8,Does not apply,230880
E06000050,Cheshire West and Chester,1,Not in employment: Worked in the last 12 months,15471
E06000050,Cheshire West and Chester,2,Not in employment: Not worked in the last 12 months,84953
E06000050,Cheshire West and Chester,3,Not in employment: Never worked,25846
E06000051,Shropshire,-8,Does not apply,203783
E06000051,Shropshire,1,Not in employment: Worked in the last 12 months,12826
E06000051,Shropshire,2,Not in employment: Not worked in the last 12 months,85969
E06000051,Shropshire,3,Not in employment: Never worked,21026
E06000052,Cornwall,-8,Does not apply,347127
E06000052,Cornwall,1,Not in employment: Worked in the last 12 months,27029
E06000052,Cornwall,2,Not in employment: Not worked in the last 12 months,160198
E06000052,Cornwall,3,Not in employment: Never worked,35951
E06000053,Isles of Scilly,-8,Does not apply,1438
E06000053,Isles of Scilly,1,Not in employment: Worked in the last 12 months,89
E06000053,Isles of Scilly,2,Not in employment: Not worked in the last 12 months,473
E06000053,Isles of Scilly,3,Not in employment: Never worked,53
E06000054,Wiltshire,-8,Does not apply,343564
E06000054,Wiltshire,1,Not in employment: Worked in the last 12 months,19945
E06000054,Wiltshire,2,Not in employment: Not worked in the last 12 months,118337
E06000054,Wiltshire,3,Not in employment: Never worked,28487
E06000055,Bedford,-8,Does not apply,127972
E06000055,Bedford,1,Not in employment: Worked in the last 12 months,7989
E06000055,Bedford,2,Not in employment: Not worked in the last 12 months,35457
E06000055,Bedford,3,Not in employment: Never worked,13807
E06000056,Central Bedfordshire,-8,Does not apply,208569
E06000056,Central Bedfordshire,1,Not in employment: Worked in the last 12 months,11222
E06000056,Central Bedfordshire,2,Not in employment: Not worked in the last 12 months,57765
E06000056,Central Bedfordshire,3,Not in employment: Never worked,16696
E06000057,Northumberland,-8,Does not apply,192498
E06000057,Northumberland,1,Not in employment: Worked in the last 12 months,12244
E06000057,Northumberland,2,Not in employment: Not worked in the last 12 months,86935
E06000057,Northumberland,3,Not in employment: Never worked,28891
E06000058,"Bournemouth, Christchurch and Poole",-8,Does not apply,251319
E06000058,"Bournemouth, Christchurch and Poole",1,Not in employment: Worked in the last 12 months,22185
E06000058,"Bournemouth, Christchurch and Poole",2,Not in employment: Not worked in the last 12 months,99011
E06000058,"Bournemouth, Christchurch and Poole",3,Not in employment: Never worked,27681
E06000059,Dorset,-8,Does not apply,225454
E06000059,Dorset,1,Not in employment: Worked in the last 12 months,15797
E06000059,Dorset,2,Not in employment: Not worked in the last 12 months,116646
E06000059,Dorset,3,Not in employment: Never worked,21682
E06000060,Buckinghamshire,-8,Does not apply,382919
E06000060,Buckinghamshire,1,Not in employment: Worked in the last 12 months,22715
E06000060,Buckinghamshire,2,Not in employment: Not worked in the last 12 months,112130
E06000060,Buckinghamshire,3,Not in employment: Never worked,35314
E06000061,North Northamptonshire,-8,Does not apply,249194
E06000061,North Northamptonshire,1,Not in employment: Worked in the last 12 months,14068
E06000061,North Northamptonshire,2,Not in employment: Not worked in the last 12 months,72279
E06000061,North Northamptonshire,3,Not in employment: Never worked,23986
E06000062,West Northamptonshire,-8,Does not apply,298218
E06000062,West Northamptonshire,1,Not in employment: Worked in the last 12 months,18950
E06000062,West Northamptonshire,2,Not in employment: Not worked in the last 12 months,81126
E06000062,West Northamptonshire,3,Not in employment: Never worked,27431
E07000008,Cambridge,-8,Does not apply,91507
E07000008,Cambridge,1,Not in employment: Worked in the last 12 months,13046
E07000008,Cambridge,2,Not in employment: Not worked in the last 12 months,25952
E07000008,Cambridge,3,Not in employment: Never worked,15169
E07000009,East Cambridgeshire,-8,Does not apply,61028
E07000009,East Cambridgeshire,1,Not in employment: Worked in the last 12 months,3207
E07000009,East Cambridgeshire,2,Not in employment: Not worked in the last 12 months,18661
E07000009,East Cambridgeshire,3,Not in employment: Never worked,4865
E07000010,Fenland,-8,Does not apply,64738
E07000010,Fenland,1,Not in employment: Worked in the last 12 months,3731
E07000010,Fenland,2,Not in employment: Not worked in the last 12 months,25383
E07000010,Fenland,3,Not in employment: Never worked,8610
E07000011,Huntingdonshire,-8,Does not apply,123962
E07000011,Huntingdonshire,1,Not in employment: Worked in the last 12 months,6999
E07000011,Huntingdonshire,2,Not in employment: Not worked in the last 12 months,39649
E07000011,Huntingdonshire,3,Not in employment: Never worked,10222
E07000012,South Cambridgeshire,-8,Does not apply,114025
E07000012,South Cambridgeshire,1,Not in employment: Worked in the last 12 months,6028
E07000012,South Cambridgeshire,2,Not in employment: Not worked in the last 12 months,33700
E07000012,South Cambridgeshire,3,Not in employment: Never worked,8366
E07000026,Allerdale,-8,Does not apply,59876
E07000026,Allerdale,1,Not in employment: Worked in the last 12 months,3687
E07000026,Allerdale,2,Not in employment: Not worked in the last 12 months,24709
E07000026,Allerdale,3,Not in employment: Never worked,7882
E07000027,Barrow-in-Furness,-8,Does not apply,42756
E07000027,Barrow-in-Furness,1,Not in employment: Worked in the last 12 months,2446
E07000027,Barrow-in-Furness,2,Not in employment: Not worked in the last 12 months,16278
E07000027,Barrow-in-Furness,3,Not in employment: Never worked,5930
E07000028,Carlisle,-8,Does not apply,71631
E07000028,Carlisle,1,Not in employment: Worked in the last 12 months,4537
E07000028,Carlisle,2,Not in employment: Not worked in the last 12 months,25423
E07000028,Carlisle,3,Not in employment: Never worked,8433
E07000029,Copeland,-8,Does not apply,41638
E07000029,Copeland,1,Not in employment: Worked in the last 12 months,2320
E07000029,Copeland,2,Not in employment: Not worked in the last 12 months,17014
E07000029,Copeland,3,Not in employment: Never worked,6104
E07000030,Eden,-8,Does not apply,35435
E07000030,Eden,1,Not in employment: Worked in the last 12 months,2377
E07000030,Eden,2,Not in employment: Not worked in the last 12 months,13746
E07000030,Eden,3,Not in employment: Never worked,3177
E07000031,South Lakeland,-8,Does not apply,64884
E07000031,South Lakeland,1,Not in employment: Worked in the last 12 months,4762
E07000031,South Lakeland,2,Not in employment: Not worked in the last 12 months,29212
E07000031,South Lakeland,3,Not in employment: Never worked,5592
E07000032,Amber Valley,-8,Does not apply,81314
E07000032,Amber Valley,1,Not in employment: Worked in the last 12 months,4597
E07000032,Amber Valley,2,Not in employment: Not worked in the last 12 months,31693
E07000032,Amber Valley,3,Not in employment: Never worked,8602
E07000033,Bolsover,-8,Does not apply,52095
E07000033,Bolsover,1,Not in employment: Worked in the last 12 months,2703
E07000033,Bolsover,2,Not in employment: Not worked in the last 12 months,18730
E07000033,Bolsover,3,Not in employment: Never worked,6745
E07000034,Chesterfield,-8,Does not apply,65098
E07000034,Chesterfield,1,Not in employment: Worked in the last 12 months,3777
E07000034,Chesterfield,2,Not in employment: Not worked in the last 12 months,26318
E07000034,Chesterfield,3,Not in employment: Never worked,8377
E07000035,Derbyshire Dales,-8,Does not apply,43708
E07000035,Derbyshire Dales,1,Not in employment: Worked in the last 12 months,3014
E07000035,Derbyshire Dales,2,Not in employment: Not worked in the last 12 months,20997
E07000035,Derbyshire Dales,3,Not in employment: Never worked,3821
E07000036,Erewash,-8,Does not apply,74346
E07000036,Erewash,1,Not in employment: Worked in the last 12 months,4208
E07000036,Erewash,2,Not in employment: Not worked in the last 12 months,26266
E07000036,Erewash,3,Not in employment: Never worked,8086
E07000037,High Peak,-8,Does not apply,59887
E07000037,High Peak,1,Not in employment: Worked in the last 12 months,3586
E07000037,High Peak,2,Not in employment: Not worked in the last 12 months,21928
E07000037,High Peak,3,Not in employment: Never worked,5532
E07000038,North East Derbyshire,-8,Does not apply,63290
E07000038,North East Derbyshire,1,Not in employment: Worked in the last 12 months,3682
E07000038,North East Derbyshire,2,Not in employment: Not worked in the last 12 months,27658
E07000038,North East Derbyshire,3,Not in employment: Never worked,7371
E07000039,South Derbyshire,-8,Does not apply,74158
E07000039,South Derbyshire,1,Not in employment: Worked in the last 12 months,4037
E07000039,South Derbyshire,2,Not in employment: Not worked in the last 12 months,22356
E07000039,South Derbyshire,3,Not in employment: Never worked,6655
E07000040,East Devon,-8,Does not apply,90166
E07000040,East Devon,1,Not in employment: Worked in the last 12 months,5965
E07000040,East Devon,2,Not in employment: Not worked in the last 12 months,47044
E07000040,East Devon,3,Not in employment: Never worked,7653
E07000041,Exeter,-8,Does not apply,79078
E07000041,Exeter,1,Not in employment: Worked in the last 12 months,11142
E07000041,Exeter,2,Not in employment: Not worked in the last 12 months,28990
E07000041,Exeter,3,Not in employment: Never worked,11499
E07000042,Mid Devon,-8,Does not apply,54929
E07000042,Mid Devon,1,Not in employment: Worked in the last 12 months,3196
E07000042,Mid Devon,2,Not in employment: Not worked in the last 12 months,20131
E07000042,Mid Devon,3,Not in employment: Never worked,4596
E07000043,North Devon,-8,Does not apply,61581
E07000043,North Devon,1,Not in employment: Worked in the last 12 months,4390
E07000043,North Devon,2,Not in employment: Not worked in the last 12 months,26760
E07000043,North Devon,3,Not in employment: Never worked,5881
E07000044,South Hams,-8,Does not apply,54245
E07000044,South Hams,1,Not in employment: Worked in the last 12 months,3724
E07000044,South Hams,2,Not in employment: Not worked in the last 12 months,25775
E07000044,South Hams,3,Not in employment: Never worked,4884
E07000045,Teignbridge,-8,Does not apply,83479
E07000045,Teignbridge,1,Not in employment: Worked in the last 12 months,5447
E07000045,Teignbridge,2,Not in employment: Not worked in the last 12 months,38369
E07000045,Teignbridge,3,Not in employment: Never worked,7508
E07000046,Torridge,-8,Does not apply,40608
E07000046,Torridge,1,Not in employment: Worked in the last 12 months,2755
E07000046,Torridge,2,Not in employment: Not worked in the last 12 months,20449
E07000046,Torridge,3,Not in employment: Never worked,4301
E07000047,West Devon,-8,Does not apply,34117
E07000047,West Devon,1,Not in employment: Worked in the last 12 months,2264
E07000047,West Devon,2,Not in employment: Not worked in the last 12 months,17350
E07000047,West Devon,3,Not in employment: Never worked,3365
E07000061,Eastbourne,-8,Does not apply,60941
E07000061,Eastbourne,1,Not in employment: Worked in the last 12 months,4494
E07000061,Eastbourne,2,Not in employment: Not worked in the last 12 months,28177
E07000061,Eastbourne,3,Not in employment: Never worked,8074
E07000062,Hastings,-8,Does not apply,57190
E07000062,Hastings,1,Not in employment: Worked in the last 12 months,3692
E07000062,Hastings,2,Not in employment: Not worked in the last 12 months,22118
E07000062,Hastings,3,Not in employment: Never worked,7994
E07000063,Lewes,-8,Does not apply,61190
E07000063,Lewes,1,Not in employment: Worked in the last 12 months,4074
E07000063,Lewes,2,Not in employment: Not worked in the last 12 months,28094
E07000063,Lewes,3,Not in employment: Never worked,6547
E07000064,Rother,-8,Does not apply,51555
E07000064,Rother,1,Not in employment: Worked in the last 12 months,3661
E07000064,Rother,2,Not in employment: Not worked in the last 12 months,30878
E07000064,Rother,3,Not in employment: Never worked,7016
E07000065,Wealden,-8,Does not apply,101046
E07000065,Wealden,1,Not in employment: Worked in the last 12 months,6167
E07000065,Wealden,2,Not in employment: Not worked in the last 12 months,43494
E07000065,Wealden,3,Not in employment: Never worked,9444
E07000066,Basildon,-8,Does not apply,127919
E07000066,Basildon,1,Not in employment: Worked in the last 12 months,7300
E07000066,Basildon,2,Not in employment: Not worked in the last 12 months,38432
E07000066,Basildon,3,Not in employment: Never worked,13920
E07000067,Braintree,-8,Does not apply,104983
E07000067,Braintree,1,Not in employment: Worked in the last 12 months,6024
E07000067,Braintree,2,Not in employment: Not worked in the last 12 months,34553
E07000067,Braintree,3,Not in employment: Never worked,9708
E07000068,Brentwood,-8,Does not apply,52081
E07000068,Brentwood,1,Not in employment: Worked in the last 12 months,3068
E07000068,Brentwood,2,Not in employment: Not worked in the last 12 months,17139
E07000068,Brentwood,3,Not in employment: Never worked,4762
E07000069,Castle Point,-8,Does not apply,56181
E07000069,Castle Point,1,Not in employment: Worked in the last 12 months,3267
E07000069,Castle Point,2,Not in employment: Not worked in the last 12 months,23318
E07000069,Castle Point,3,Not in employment: Never worked,6822
E07000070,Chelmsford,-8,Does not apply,123647
E07000070,Chelmsford,1,Not in employment: Worked in the last 12 months,7353
E07000070,Chelmsford,2,Not in employment: Not worked in the last 12 months,39394
E07000070,Chelmsford,3,Not in employment: Never worked,11129
E07000071,Colchester,-8,Does not apply,128388
E07000071,Colchester,1,Not in employment: Worked in the last 12 months,9461
E07000071,Colchester,2,Not in employment: Not worked in the last 12 months,40708
E07000071,Colchester,3,Not in employment: Never worked,14158
E07000072,Epping Forest,-8,Does not apply,90844
E07000072,Epping Forest,1,Not in employment: Worked in the last 12 months,5900
E07000072,Epping Forest,2,Not in employment: Not worked in the last 12 months,28075
E07000072,Epping Forest,3,Not in employment: Never worked,10161
E07000073,Harlow,-8,Does not apply,66207
E07000073,Harlow,1,Not in employment: Worked in the last 12 months,3728
E07000073,Harlow,2,Not in employment: Not worked in the last 12 months,16528
E07000073,Harlow,3,Not in employment: Never worked,6865
E07000074,Maldon,-8,Does not apply,42036
E07000074,Maldon,1,Not in employment: Worked in the last 12 months,2585
E07000074,Maldon,2,Not in employment: Not worked in the last 12 months,17374
E07000074,Maldon,3,Not in employment: Never worked,4213
E07000075,Rochford,-8,Does not apply,55609
E07000075,Rochford,1,Not in employment: Worked in the last 12 months,3230
E07000075,Rochford,2,Not in employment: Not worked in the last 12 months,21432
E07000075,Rochford,3,Not in employment: Never worked,5390
E07000076,Tendring,-8,Does not apply,81680
E07000076,Tendring,1,Not in employment: Worked in the last 12 months,5895
E07000076,Tendring,2,Not in employment: Not worked in the last 12 months,47167
E07000076,Tendring,3,Not in employment: Never worked,13548
E07000077,Uttlesford,-8,Does not apply,63562
E07000077,Uttlesford,1,Not in employment: Worked in the last 12 months,3714
E07000077,Uttlesford,2,Not in employment: Not worked in the last 12 months,19392
E07000077,Uttlesford,3,Not in employment: Never worked,4673
E07000078,Cheltenham,-8,Does not apply,79557
E07000078,Cheltenham,1,Not in employment: Worked in the last 12 months,5535
E07000078,Cheltenham,2,Not in employment: Not worked in the last 12 months,26133
E07000078,Cheltenham,3,Not in employment: Never worked,7611
E07000079,Cotswold,-8,Does not apply,58596
E07000079,Cotswold,1,Not in employment: Worked in the last 12 months,4158
E07000079,Cotswold,2,Not in employment: Not worked in the last 12 months,23607
E07000079,Cotswold,3,Not in employment: Never worked,4472
E07000080,Forest of Dean,-8,Does not apply,53947
E07000080,Forest of Dean,1,Not in employment: Worked in the last 12 months,3770
E07000080,Forest of Dean,2,Not in employment: Not worked in the last 12 months,23030
E07000080,Forest of Dean,3,Not in employment: Never worked,6257
E07000081,Gloucester,-8,Does not apply,91098
E07000081,Gloucester,1,Not in employment: Worked in the last 12 months,5977
E07000081,Gloucester,2,Not in employment: Not worked in the last 12 months,25402
E07000081,Gloucester,3,Not in employment: Never worked,9939
E07000082,Stroud,-8,Does not apply,80828
E07000082,Stroud,1,Not in employment: Worked in the last 12 months,4677
E07000082,Stroud,2,Not in employment: Not worked in the last 12 months,29174
E07000082,Stroud,3,Not in employment: Never worked,6425
E07000083,Tewkesbury,-8,Does not apply,64055
E07000083,Tewkesbury,1,Not in employment: Worked in the last 12 months,3607
E07000083,Tewkesbury,2,Not in employment: Not worked in the last 12 months,22245
E07000083,Tewkesbury,3,Not in employment: Never worked,4977
E07000084,Basingstoke and Deane,-8,Does not apply,132320
E07000084,Basingstoke and Deane,1,Not in employment: Worked in the last 12 months,7209
E07000084,Basingstoke and Deane,2,Not in employment: Not worked in the last 12 months,35657
E07000084,Basingstoke and Deane,3,Not in employment: Never worked,9968
E07000085,East Hampshire,-8,Does not apply,83646
E07000085,East Hampshire,1,Not in employment: Worked in the last 12 months,4899
E07000085,East Hampshire,2,Not in employment: Not worked in the last 12 months,30453
E07000085,East Hampshire,3,Not in employment: Never worked,6746
E07000086,Eastleigh,-8,Does not apply,95627
E07000086,Eastleigh,1,Not in employment: Worked in the last 12 months,5121
E07000086,Eastleigh,2,Not in employment: Not worked in the last 12 months,28404
E07000086,Eastleigh,3,Not in employment: Never worked,7291
E07000087,Fareham,-8,Does not apply,74506
E07000087,Fareham,1,Not in employment: Worked in the last 12 months,4186
E07000087,Fareham,2,Not in employment: Not worked in the last 12 months,29407
E07000087,Fareham,3,Not in employment: Never worked,6414
E07000088,Gosport,-8,Does not apply,53225
E07000088,Gosport,1,Not in employment: Worked in the last 12 months,3291
E07000088,Gosport,2,Not in employment: Not worked in the last 12 months,19818
E07000088,Gosport,3,Not in employment: Never worked,5618
E07000089,Hart,-8,Does not apply,69525
E07000089,Hart,1,Not in employment: Worked in the last 12 months,3907
E07000089,Hart,2,Not in employment: Not worked in the last 12 months,21284
E07000089,Hart,3,Not in employment: Never worked,4692
E07000090,Havant,-8,Does not apply,77711
E07000090,Havant,1,Not in employment: Worked in the last 12 months,4680
E07000090,Havant,2,Not in employment: Not worked in the last 12 months,32588
E07000090,Havant,3,Not in employment: Never worked,9229
E07000091,New Forest,-8,Does not apply,105743
E07000091,New Forest,1,Not in employment: Worked in the last 12 months,6949
E07000091,New Forest,2,Not in employment: Not worked in the last 12 months,52818
E07000091,New Forest,3,Not in employment: Never worked,10275
E07000092,Rushmoor,-8,Does not apply,71900
E07000092,Rushmoor,1,Not in employment: Worked in the last 12 months,4104
E07000092,Rushmoor,2,Not in employment: Not worked in the last 12 months,15916
E07000092,Rushmoor,3,Not in employment: Never worked,7836
E07000093,Test Valley,-8,Does not apply,89602
E07000093,Test Valley,1,Not in employment: Worked in the last 12 months,5038
E07000093,Test Valley,2,Not in employment: Not worked in the last 12 months,29066
E07000093,Test Valley,3,Not in employment: Never worked,6786
E07000094,Winchester,-8,Does not apply,83267
E07000094,Winchester,1,Not in employment: Worked in the last 12 months,6848
E07000094,Winchester,2,Not in employment: Not worked in the last 12 months,29891
E07000094,Winchester,3,Not in employment: Never worked,7438
E07000095,Broxbourne,-8,Does not apply,67876
E07000095,Broxbourne,1,Not in employment: Worked in the last 12 months,4164
E07000095,Broxbourne,2,Not in employment: Not worked in the last 12 months,19326
E07000095,Broxbourne,3,Not in employment: Never worked,7641
E07000096,Dacorum,-8,Does not apply,108500
E07000096,Dacorum,1,Not in employment: Worked in the last 12 months,6373
E07000096,Dacorum,2,Not in employment: Not worked in the last 12 months,31028
E07000096,Dacorum,3,Not in employment: Never worked,9182
E07000098,Hertsmere,-8,Does not apply,74401
E07000098,Hertsmere,1,Not in employment: Worked in the last 12 months,4717
E07000098,Hertsmere,2,Not in employment: Not worked in the last 12 months,20540
E07000098,Hertsmere,3,Not in employment: Never worked,8169
E07000099,North Hertfordshire,-8,Does not apply,92628
E07000099,North Hertfordshire,1,Not in employment: Worked in the last 12 months,5065
E07000099,North Hertfordshire,2,Not in employment: Not worked in the last 12 months,28235
E07000099,North Hertfordshire,3,Not in employment: Never worked,7282
E07000102,Three Rivers,-8,Does not apply,65716
E07000102,Three Rivers,1,Not in employment: Worked in the last 12 months,3814
E07000102,Three Rivers,2,Not in employment: Not worked in the last 12 months,18323
E07000102,Three Rivers,3,Not in employment: Never worked,5918
E07000103,Watford,-8,Does not apply,74142
E07000103,Watford,1,Not in employment: Worked in the last 12 months,4503
E07000103,Watford,2,Not in employment: Not worked in the last 12 months,15559
E07000103,Watford,3,Not in employment: Never worked,8042
E07000105,Ashford,-8,Does not apply,89593
E07000105,Ashford,1,Not in employment: Worked in the last 12 months,5056
E07000105,Ashford,2,Not in employment: Not worked in the last 12 months,28563
E07000105,Ashford,3,Not in employment: Never worked,9535
E07000106,Canterbury,-8,Does not apply,90819
E07000106,Canterbury,1,Not in employment: Worked in the last 12 months,10473
E07000106,Canterbury,2,Not in employment: Not worked in the last 12 months,41023
E07000106,Canterbury,3,Not in employment: Never worked,15114
E07000107,Dartford,-8,Does not apply,84878
E07000107,Dartford,1,Not in employment: Worked in the last 12 months,4519
E07000107,Dartford,2,Not in employment: Not worked in the last 12 months,19341
E07000107,Dartford,3,Not in employment: Never worked,8015
E07000108,Dover,-8,Does not apply,71205
E07000108,Dover,1,Not in employment: Worked in the last 12 months,4560
E07000108,Dover,2,Not in employment: Not worked in the last 12 months,31057
E07000108,Dover,3,Not in employment: Never worked,9588
E07000109,Gravesham,-8,Does not apply,72106
E07000109,Gravesham,1,Not in employment: Worked in the last 12 months,4415
E07000109,Gravesham,2,Not in employment: Not worked in the last 12 months,21241
E07000109,Gravesham,3,Not in employment: Never worked,9138
E07000110,Maidstone,-8,Does not apply,120055
E07000110,Maidstone,1,Not in employment: Worked in the last 12 months,6720
E07000110,Maidstone,2,Not in employment: Not worked in the last 12 months,37416
E07000110,Maidstone,3,Not in employment: Never worked,11591
E07000111,Sevenoaks,-8,Does not apply,80295
E07000111,Sevenoaks,1,Not in employment: Worked in the last 12 months,4571
E07000111,Sevenoaks,2,Not in employment: Not worked in the last 12 months,28122
E07000111,Sevenoaks,3,Not in employment: Never worked,7526
E07000112,Folkestone and Hythe,-8,Does not apply,66022
E07000112,Folkestone and Hythe,1,Not in employment: Worked in the last 12 months,4385
E07000112,Folkestone and Hythe,2,Not in employment: Not worked in the last 12 months,30115
E07000112,Folkestone and Hythe,3,Not in employment: Never worked,9236
E07000113,Swale,-8,Does not apply,98880
E07000113,Swale,1,Not in employment: Worked in the last 12 months,5772
E07000113,Swale,2,Not in employment: Not worked in the last 12 months,34279
E07000113,Swale,3,Not in employment: Never worked,12746
E07000114,Thanet,-8,Does not apply,84360
E07000114,Thanet,1,Not in employment: Worked in the last 12 months,5481
E07000114,Thanet,2,Not in employment: Not worked in the last 12 months,38197
E07000114,Thanet,3,Not in employment: Never worked,12549
E07000115,Tonbridge and Malling,-8,Does not apply,91101
E07000115,Tonbridge and Malling,1,Not in employment: Worked in the last 12 months,4876
E07000115,Tonbridge and Malling,2,Not in employment: Not worked in the last 12 months,28164
E07000115,Tonbridge and Malling,3,Not in employment: Never worked,8060
E07000116,Tunbridge Wells,-8,Does not apply,78807
E07000116,Tunbridge Wells,1,Not in employment: Worked in the last 12 months,4444
E07000116,Tunbridge Wells,2,Not in employment: Not worked in the last 12 months,25141
E07000116,Tunbridge Wells,3,Not in employment: Never worked,6919
E07000117,Burnley,-8,Does not apply,59481
E07000117,Burnley,1,Not in employment: Worked in the last 12 months,3836
E07000117,Burnley,2,Not in employment: Not worked in the last 12 months,20571
E07000117,Burnley,3,Not in employment: Never worked,10758
E07000118,Chorley,-8,Does not apply,78607
E07000118,Chorley,1,Not in employment: Worked in the last 12 months,4155
E07000118,Chorley,2,Not in employment: Not worked in the last 12 months,27112
E07000118,Chorley,3,Not in employment: Never worked,7856
E07000119,Fylde,-8,Does not apply,47843
E07000119,Fylde,1,Not in employment: Worked in the last 12 months,3218
E07000119,Fylde,2,Not in employment: Not worked in the last 12 months,24676
E07000119,Fylde,3,Not in employment: Never worked,5637
E07000120,Hyndburn,-8,Does not apply,52229
E07000120,Hyndburn,1,Not in employment: Worked in the last 12 months,3142
E07000120,Hyndburn,2,Not in employment: Not worked in the last 12 months,17728
E07000120,Hyndburn,3,Not in employment: Never worked,9135
E07000121,Lancaster,-8,Does not apply,85695
E07000121,Lancaster,1,Not in employment: Worked in the last 12 months,8680
E07000121,Lancaster,2,Not in employment: Not worked in the last 12 months,35074
E07000121,Lancaster,3,Not in employment: Never worked,13485
E07000122,Pendle,-8,Does not apply,60158
E07000122,Pendle,1,Not in employment: Worked in the last 12 months,3961
E07000122,Pendle,2,Not in employment: Not worked in the last 12 months,19876
E07000122,Pendle,3,Not in employment: Never worked,11763
E07000123,Preston,-8,Does not apply,95800
E07000123,Preston,1,Not in employment: Worked in the last 12 months,7496
E07000123,Preston,2,Not in employment: Not worked in the last 12 months,28352
E07000123,Preston,3,Not in employment: Never worked,16187
E07000124,Ribble Valley,-8,Does not apply,40484
E07000124,Ribble Valley,1,Not in employment: Worked in the last 12 months,2221
E07000124,Ribble Valley,2,Not in employment: Not worked in the last 12 months,15406
E07000124,Ribble Valley,3,Not in employment: Never worked,3450
E07000125,Rossendale,-8,Does not apply,46687
E07000125,Rossendale,1,Not in employment: Worked in the last 12 months,2573
E07000125,Rossendale,2,Not in employment: Not worked in the last 12 months,15803
E07000125,Rossendale,3,Not in employment: Never worked,5808
E07000126,South Ribble,-8,Does not apply,74246
E07000126,South Ribble,1,Not in employment: Worked in the last 12 months,3898
E07000126,South Ribble,2,Not in employment: Not worked in the last 12 months,25561
E07000126,South Ribble,3,Not in employment: Never worked,7329
E07000127,West Lancashire,-8,Does not apply,72642
E07000127,West Lancashire,1,Not in employment: Worked in the last 12 months,6514
E07000127,West Lancashire,2,Not in employment: Not worked in the last 12 months,28253
E07000127,West Lancashire,3,Not in employment: Never worked,10020
E07000128,Wyre,-8,Does not apply,65430
E07000128,Wyre,1,Not in employment: Worked in the last 12 months,4400
E07000128,Wyre,2,Not in employment: Not worked in the last 12 months,32772
E07000128,Wyre,3,Not in employment: Never worked,9344
E07000129,Blaby,-8,Does not apply,70706
E07000129,Blaby,1,Not in employment: Worked in the last 12 months,3651
E07000129,Blaby,2,Not in employment: Not worked in the last 12 months,21934
E07000129,Blaby,3,Not in employment: Never worked,6635
E07000130,Charnwood,-8,Does not apply,115670
E07000130,Charnwood,1,Not in employment: Worked in the last 12 months,12403
E07000130,Charnwood,2,Not in employment: Not worked in the last 12 months,40170
E07000130,Charnwood,3,Not in employment: Never worked,15728
E07000131,Harborough,-8,Does not apply,65968
E07000131,Harborough,1,Not in employment: Worked in the last 12 months,3723
E07000131,Harborough,2,Not in employment: Not worked in the last 12 months,22563
E07000131,Harborough,3,Not in employment: Never worked,5371
E07000132,Hinckley and Bosworth,-8,Does not apply,75608
E07000132,Hinckley and Bosworth,1,Not in employment: Worked in the last 12 months,4130
E07000132,Hinckley and Bosworth,2,Not in employment: Not worked in the last 12 months,26740
E07000132,Hinckley and Bosworth,3,Not in employment: Never worked,7162
E07000133,Melton,-8,Does not apply,34271
E07000133,Melton,1,Not in employment: Worked in the last 12 months,1970
E07000133,Melton,2,Not in employment: Not worked in the last 12 months,12596
E07000133,Melton,3,Not in employment: Never worked,2915
E07000134,North West Leicestershire,-8,Does not apply,70501
E07000134,North West Leicestershire,1,Not in employment: Worked in the last 12 months,4232
E07000134,North West Leicestershire,2,Not in employment: Not worked in the last 12 months,23293
E07000134,North West Leicestershire,3,Not in employment: Never worked,6679
E07000135,Oadby and Wigston,-8,Does not apply,36526
E07000135,Oadby and Wigston,1,Not in employment: Worked in the last 12 months,2732
E07000135,Oadby and Wigston,2,Not in employment: Not worked in the last 12 months,13192
E07000135,Oadby and Wigston,3,Not in employment: Never worked,5297
E07000136,Boston,-8,Does not apply,46549
E07000136,Boston,1,Not in employment: Worked in the last 12 months,2689
E07000136,Boston,2,Not in employment: Not worked in the last 12 months,15940
E07000136,Boston,3,Not in employment: Never worked,5324
E07000137,East Lindsey,-8,Does not apply,76455
E07000137,East Lindsey,1,Not in employment: Worked in the last 12 months,6359
E07000137,East Lindsey,2,Not in employment: Not worked in the last 12 months,46446
E07000137,East Lindsey,3,Not in employment: Never worked,13034
E07000138,Lincoln,-8,Does not apply,63464
E07000138,Lincoln,1,Not in employment: Worked in the last 12 months,8168
E07000138,Lincoln,2,Not in employment: Not worked in the last 12 months,21934
E07000138,Lincoln,3,Not in employment: Never worked,10247
E07000139,North Kesteven,-8,Does not apply,76951
E07000139,North Kesteven,1,Not in employment: Worked in the last 12 months,4174
E07000139,North Kesteven,2,Not in employment: Not worked in the last 12 months,29352
E07000139,North Kesteven,3,Not in employment: Never worked,7597
E07000140,South Holland,-8,Does not apply,61358
E07000140,South Holland,1,Not in employment: Worked in the last 12 months,3437
E07000140,South Holland,2,Not in employment: Not worked in the last 12 months,24024
E07000140,South Holland,3,Not in employment: Never worked,6303
E07000141,South Kesteven,-8,Does not apply,93588
E07000141,South Kesteven,1,Not in employment: Worked in the last 12 months,5537
E07000141,South Kesteven,2,Not in employment: Not worked in the last 12 months,35140
E07000141,South Kesteven,3,Not in employment: Never worked,9139
E07000142,West Lindsey,-8,Does not apply,58172
E07000142,West Lindsey,1,Not in employment: Worked in the last 12 months,3476
E07000142,West Lindsey,2,Not in employment: Not worked in the last 12 months,26050
E07000142,West Lindsey,3,Not in employment: Never worked,7454
E07000143,Breckland,-8,Does not apply,89262
E07000143,Breckland,1,Not in employment: Worked in the last 12 months,5299
E07000143,Breckland,2,Not in employment: Not worked in the last 12 months,37494
E07000143,Breckland,3,Not in employment: Never worked,9421
E07000144,Broadland,-8,Does not apply,83804
E07000144,Broadland,1,Not in employment: Worked in the last 12 months,4846
E07000144,Broadland,2,Not in employment: Not worked in the last 12 months,35632
E07000144,Broadland,3,Not in employment: Never worked,7437
E07000145,Great Yarmouth,-8,Does not apply,58168
E07000145,Great Yarmouth,1,Not in employment: Worked in the last 12 months,4673
E07000145,Great Yarmouth,2,Not in employment: Not worked in the last 12 months,27678
E07000145,Great Yarmouth,3,Not in employment: Never worked,9229
E07000146,King's Lynn and West Norfolk,-8,Does not apply,94656
E07000146,King's Lynn and West Norfolk,1,Not in employment: Worked in the last 12 months,5991
E07000146,King's Lynn and West Norfolk,2,Not in employment: Not worked in the last 12 months,42402
E07000146,King's Lynn and West Norfolk,3,Not in employment: Never worked,11276
E07000147,North Norfolk,-8,Does not apply,55494
E07000147,North Norfolk,1,Not in employment: Worked in the last 12 months,4581
E07000147,North Norfolk,2,Not in employment: Not worked in the last 12 months,36218
E07000147,North Norfolk,3,Not in employment: Never worked,6687
E07000148,Norwich,-8,Does not apply,88879
E07000148,Norwich,1,Not in employment: Worked in the last 12 months,10356
E07000148,Norwich,2,Not in employment: Not worked in the last 12 months,31240
E07000148,Norwich,3,Not in employment: Never worked,13448
E07000149,South Norfolk,-8,Does not apply,92478
E07000149,South Norfolk,1,Not in employment: Worked in the last 12 months,5054
E07000149,South Norfolk,2,Not in employment: Not worked in the last 12 months,36488
E07000149,South Norfolk,3,Not in employment: Never worked,7928
E07000163,Craven,-8,Does not apply,35775
E07000163,Craven,1,Not in employment: Worked in the last 12 months,2305
E07000163,Craven,2,Not in employment: Not worked in the last 12 months,15912
E07000163,Craven,3,Not in employment: Never worked,2935
E07000164,Hambleton,-8,Does not apply,57110
E07000164,Hambleton,1,Not in employment: Worked in the last 12 months,3652
E07000164,Hambleton,2,Not in employment: Not worked in the last 12 months,24561
E07000164,Hambleton,3,Not in employment: Never worked,5367
E07000165,Harrogate,-8,Does not apply,107047
E07000165,Harrogate,1,Not in employment: Worked in the last 12 months,6715
E07000165,Harrogate,2,Not in employment: Not worked in the last 12 months,39177
E07000165,Harrogate,3,Not in employment: Never worked,9728
E07000166,Richmondshire,-8,Does not apply,32715
E07000166,Richmondshire,1,Not in employment: Worked in the last 12 months,2177
E07000166,Richmondshire,2,Not in employment: Not worked in the last 12 months,11865
E07000166,Richmondshire,3,Not in employment: Never worked,3019
E07000167,Ryedale,-8,Does not apply,34343
E07000167,Ryedale,1,Not in employment: Worked in the last 12 months,2302
E07000167,Ryedale,2,Not in employment: Not worked in the last 12 months,14808
E07000167,Ryedale,3,Not in employment: Never worked,3253
E07000168,Scarborough,-8,Does not apply,63176
E07000168,Scarborough,1,Not in employment: Worked in the last 12 months,5128
E07000168,Scarborough,2,Not in employment: Not worked in the last 12 months,31962
E07000168,Scarborough,3,Not in employment: Never worked,8470
E07000169,Selby,-8,Does not apply,62680
E07000169,Selby,1,Not in employment: Worked in the last 12 months,3503
E07000169,Selby,2,Not in employment: Not worked in the last 12 months,20415
E07000169,Selby,3,Not in employment: Never worked,5391
E07000170,Ashfield,-8,Does not apply,81884
E07000170,Ashfield,1,Not in employment: Worked in the last 12 months,4489
E07000170,Ashfield,2,Not in employment: Not worked in the last 12 months,29329
E07000170,Ashfield,3,Not in employment: Never worked,10598
E07000171,Bassetlaw,-8,Does not apply,75353
E07000171,Bassetlaw,1,Not in employment: Worked in the last 12 months,4245
E07000171,Bassetlaw,2,Not in employment: Not worked in the last 12 months,28697
E07000171,Bassetlaw,3,Not in employment: Never worked,9511
E07000172,Broxtowe,-8,Does not apply,70316
E07000172,Broxtowe,1,Not in employment: Worked in the last 12 months,5025
E07000172,Broxtowe,2,Not in employment: Not worked in the last 12 months,26992
E07000172,Broxtowe,3,Not in employment: Never worked,8610
E07000173,Gedling,-8,Does not apply,76993
E07000173,Gedling,1,Not in employment: Worked in the last 12 months,4365
E07000173,Gedling,2,Not in employment: Not worked in the last 12 months,27654
E07000173,Gedling,3,Not in employment: Never worked,8251
E07000174,Mansfield,-8,Does not apply,71679
E07000174,Mansfield,1,Not in employment: Worked in the last 12 months,4116
E07000174,Mansfield,2,Not in employment: Not worked in the last 12 months,24919
E07000174,Mansfield,3,Not in employment: Never worked,9767
E07000175,Newark and Sherwood,-8,Does not apply,78102
E07000175,Newark and Sherwood,1,Not in employment: Worked in the last 12 months,4800
E07000175,Newark and Sherwood,2,Not in employment: Not worked in the last 12 months,30511
E07000175,Newark and Sherwood,3,Not in employment: Never worked,9543
E07000176,Rushcliffe,-8,Does not apply,78332
E07000176,Rushcliffe,1,Not in employment: Worked in the last 12 months,5161
E07000176,Rushcliffe,2,Not in employment: Not worked in the last 12 months,28239
E07000176,Rushcliffe,3,Not in employment: Never worked,7345
E07000177,Cherwell,-8,Does not apply,115400
E07000177,Cherwell,1,Not in employment: Worked in the last 12 months,6780
E07000177,Cherwell,2,Not in employment: Not worked in the last 12 months,30030
E07000177,Cherwell,3,Not in employment: Never worked,8807
E07000178,Oxford,-8,Does not apply,98648
E07000178,Oxford,1,Not in employment: Worked in the last 12 months,16564
E07000178,Oxford,2,Not in employment: Not worked in the last 12 months,28849
E07000178,Oxford,3,Not in employment: Never worked,17979
E07000179,South Oxfordshire,-8,Does not apply,104070
E07000179,South Oxfordshire,1,Not in employment: Worked in the last 12 months,5685
E07000179,South Oxfordshire,2,Not in employment: Not worked in the last 12 months,31913
E07000179,South Oxfordshire,3,Not in employment: Never worked,7417
E07000180,Vale of White Horse,-8,Does not apply,97350
E07000180,Vale of White Horse,1,Not in employment: Worked in the last 12 months,5310
E07000180,Vale of White Horse,2,Not in employment: Not worked in the last 12 months,28950
E07000180,Vale of White Horse,3,Not in employment: Never worked,7303
E07000181,West Oxfordshire,-8,Does not apply,79354
E07000181,West Oxfordshire,1,Not in employment: Worked in the last 12 months,4335
E07000181,West Oxfordshire,2,Not in employment: Not worked in the last 12 months,25038
E07000181,West Oxfordshire,3,Not in employment: Never worked,5510
E07000187,Mendip,-8,Does not apply,75709
E07000187,Mendip,1,Not in employment: Worked in the last 12 months,4649
E07000187,Mendip,2,Not in employment: Not worked in the last 12 months,28994
E07000187,Mendip,3,Not in employment: Never worked,6735
E07000188,Sedgemoor,-8,Does not apply,80709
E07000188,Sedgemoor,1,Not in employment: Worked in the last 12 months,4865
E07000188,Sedgemoor,2,Not in employment: Not worked in the last 12 months,31568
E07000188,Sedgemoor,3,Not in employment: Never worked,8201
E07000189,South Somerset,-8,Does not apply,109789
E07000189,South Somerset,1,Not in employment: Worked in the last 12 months,6536
E07000189,South Somerset,2,Not in employment: Not worked in the last 12 months,46564
E07000189,South Somerset,3,Not in employment: Never worked,9781
E07000192,Cannock Chase,-8,Does not apply,66918
E07000192,Cannock Chase,1,Not in employment: Worked in the last 12 months,3769
E07000192,Cannock Chase,2,Not in employment: Not worked in the last 12 months,22117
E07000192,Cannock Chase,3,Not in employment: Never worked,7715
E07000193,East Staffordshire,-8,Does not apply,82829
E07000193,East Staffordshire,1,Not in employment: Worked in the last 12 months,5100
E07000193,East Staffordshire,2,Not in employment: Not worked in the last 12 months,26136
E07000193,East Staffordshire,3,Not in employment: Never worked,9952
E07000194,Lichfield,-8,Does not apply,68315
E07000194,Lichfield,1,Not in employment: Worked in the last 12 months,4017
E07000194,Lichfield,2,Not in employment: Not worked in the last 12 months,27044
E07000194,Lichfield,3,Not in employment: Never worked,7063
E07000195,Newcastle-under-Lyme,-8,Does not apply,76798
E07000195,Newcastle-under-Lyme,1,Not in employment: Worked in the last 12 months,5707
E07000195,Newcastle-under-Lyme,2,Not in employment: Not worked in the last 12 months,30493
E07000195,Newcastle-under-Lyme,3,Not in employment: Never worked,10301
E07000196,South Staffordshire,-8,Does not apply,67799
E07000196,South Staffordshire,1,Not in employment: Worked in the last 12 months,4167
E07000196,South Staffordshire,2,Not in employment: Not worked in the last 12 months,30359
E07000196,South Staffordshire,3,Not in employment: Never worked,8147
E07000197,Stafford,-8,Does not apply,89018
E07000197,Stafford,1,Not in employment: Worked in the last 12 months,5167
E07000197,Stafford,2,Not in employment: Not worked in the last 12 months,34220
E07000197,Stafford,3,Not in employment: Never worked,8461
E07000198,Staffordshire Moorlands,-8,Does not apply,60025
E07000198,Staffordshire Moorlands,1,Not in employment: Worked in the last 12 months,3626
E07000198,Staffordshire Moorlands,2,Not in employment: Not worked in the last 12 months,25864
E07000198,Staffordshire Moorlands,3,Not in employment: Never worked,6329
E07000199,Tamworth,-8,Does not apply,53014
E07000199,Tamworth,1,Not in employment: Worked in the last 12 months,3036
E07000199,Tamworth,2,Not in employment: Not worked in the last 12 months,16855
E07000199,Tamworth,3,Not in employment: Never worked,5742
E07000200,Babergh,-8,Does not apply,57919
E07000200,Babergh,1,Not in employment: Worked in the last 12 months,3594
E07000200,Babergh,2,Not in employment: Not worked in the last 12 months,25490
E07000200,Babergh,3,Not in employment: Never worked,5338
E07000202,Ipswich,-8,Does not apply,94836
E07000202,Ipswich,1,Not in employment: Worked in the last 12 months,5607
E07000202,Ipswich,2,Not in employment: Not worked in the last 12 months,27855
E07000202,Ipswich,3,Not in employment: Never worked,11344
E07000203,Mid Suffolk,-8,Does not apply,66418
E07000203,Mid Suffolk,1,Not in employment: Worked in the last 12 months,3813
E07000203,Mid Suffolk,2,Not in employment: Not worked in the last 12 months,26964
E07000203,Mid Suffolk,3,Not in employment: Never worked,5504
E07000207,Elmbridge,-8,Does not apply,96960
E07000207,Elmbridge,1,Not in employment: Worked in the last 12 months,5454
E07000207,Elmbridge,2,Not in employment: Not worked in the last 12 months,28046
E07000207,Elmbridge,3,Not in employment: Never worked,8294
E07000208,Epsom and Ewell,-8,Does not apply,56240
E07000208,Epsom and Ewell,1,Not in employment: Worked in the last 12 months,3307
E07000208,Epsom and Ewell,2,Not in employment: Not worked in the last 12 months,16058
E07000208,Epsom and Ewell,3,Not in employment: Never worked,5334
E07000209,Guildford,-8,Does not apply,94068
E07000209,Guildford,1,Not in employment: Worked in the last 12 months,9447
E07000209,Guildford,2,Not in employment: Not worked in the last 12 months,29752
E07000209,Guildford,3,Not in employment: Never worked,10383
E07000210,Mole Valley,-8,Does not apply,57388
E07000210,Mole Valley,1,Not in employment: Worked in the last 12 months,3552
E07000210,Mole Valley,2,Not in employment: Not worked in the last 12 months,21471
E07000210,Mole Valley,3,Not in employment: Never worked,4975
E07000211,Reigate and Banstead,-8,Does not apply,105843
E07000211,Reigate and Banstead,1,Not in employment: Worked in the last 12 months,5983
E07000211,Reigate and Banstead,2,Not in employment: Not worked in the last 12 months,29894
E07000211,Reigate and Banstead,3,Not in employment: Never worked,9125
E07000212,Runnymede,-8,Does not apply,57818
E07000212,Runnymede,1,Not in employment: Worked in the last 12 months,5424
E07000212,Runnymede,2,Not in employment: Not worked in the last 12 months,17754
E07000212,Runnymede,3,Not in employment: Never worked,7083
E07000213,Spelthorne,-8,Does not apply,71133
E07000213,Spelthorne,1,Not in employment: Worked in the last 12 months,4663
E07000213,Spelthorne,2,Not in employment: Not worked in the last 12 months,20315
E07000213,Spelthorne,3,Not in employment: Never worked,6845
E07000214,Surrey Heath,-8,Does not apply,62032
E07000214,Surrey Heath,1,Not in employment: Worked in the last 12 months,3873
E07000214,Surrey Heath,2,Not in employment: Not worked in the last 12 months,19165
E07000214,Surrey Heath,3,Not in employment: Never worked,5381
E07000215,Tandridge,-8,Does not apply,59623
E07000215,Tandridge,1,Not in employment: Worked in the last 12 months,3290
E07000215,Tandridge,2,Not in employment: Not worked in the last 12 months,19446
E07000215,Tandridge,3,Not in employment: Never worked,5516
E07000216,Waverley,-8,Does not apply,85316
E07000216,Waverley,1,Not in employment: Worked in the last 12 months,5248
E07000216,Waverley,2,Not in employment: Not worked in the last 12 months,29987
E07000216,Waverley,3,Not in employment: Never worked,7678
E07000217,Woking,-8,Does not apply,73703
E07000217,Woking,1,Not in employment: Worked in the last 12 months,4204
E07000217,Woking,2,Not in employment: Not worked in the last 12 months,19362
E07000217,Woking,3,Not in employment: Never worked,6674
E07000218,North Warwickshire,-8,Does not apply,42891
E07000218,North Warwickshire,1,Not in employment: Worked in the last 12 months,2581
E07000218,North Warwickshire,2,Not in employment: Not worked in the last 12 months,14861
E07000218,North Warwickshire,3,Not in employment: Never worked,4702
E07000219,Nuneaton and Bedworth,-8,Does not apply,88723
E07000219,Nuneaton and Bedworth,1,Not in employment: Worked in the last 12 months,5264
E07000219,Nuneaton and Bedworth,2,Not in employment: Not worked in the last 12 months,28898
E07000219,Nuneaton and Bedworth,3,Not in employment: Never worked,11311
E07000220,Rugby,-8,Does not apply,80282
E07000220,Rugby,1,Not in employment: Worked in the last 12 months,4248
E07000220,Rugby,2,Not in employment: Not worked in the last 12 months,22755
E07000220,Rugby,3,Not in employment: Never worked,7077
E07000221,Stratford-on-Avon,-8,Does not apply,88322
E07000221,Stratford-on-Avon,1,Not in employment: Worked in the last 12 months,5244
E07000221,Stratford-on-Avon,2,Not in employment: Not worked in the last 12 months,33920
E07000221,Stratford-on-Avon,3,Not in employment: Never worked,7242
E07000222,Warwick,-8,Does not apply,97946
E07000222,Warwick,1,Not in employment: Worked in the last 12 months,7768
E07000222,Warwick,2,Not in employment: Not worked in the last 12 months,31847
E07000222,Warwick,3,Not in employment: Never worked,10892
E07000223,Adur,-8,Does not apply,41416
E07000223,Adur,1,Not in employment: Worked in the last 12 months,2485
E07000223,Adur,2,Not in employment: Not worked in the last 12 months,16200
E07000223,Adur,3,Not in employment: Never worked,4443
E07000224,Arun,-8,Does not apply,98526
E07000224,Arun,1,Not in employment: Worked in the last 12 months,6918
E07000224,Arun,2,Not in employment: Not worked in the last 12 months,48152
E07000224,Arun,3,Not in employment: Never worked,11293
E07000225,Chichester,-8,Does not apply,75724
E07000225,Chichester,1,Not in employment: Worked in the last 12 months,6264
E07000225,Chichester,2,Not in employment: Not worked in the last 12 months,34691
E07000225,Chichester,3,Not in employment: Never worked,7389
E07000226,Crawley,-8,Does not apply,83825
E07000226,Crawley,1,Not in employment: Worked in the last 12 months,6266
E07000226,Crawley,2,Not in employment: Not worked in the last 12 months,19668
E07000226,Crawley,3,Not in employment: Never worked,8734
E07000227,Horsham,-8,Does not apply,98284
E07000227,Horsham,1,Not in employment: Worked in the last 12 months,5834
E07000227,Horsham,2,Not in employment: Not worked in the last 12 months,35024
E07000227,Horsham,3,Not in employment: Never worked,7638
E07000228,Mid Sussex,-8,Does not apply,105822
E07000228,Mid Sussex,1,Not in employment: Worked in the last 12 months,5826
E07000228,Mid Sussex,2,Not in employment: Not worked in the last 12 months,33351
E07000228,Mid Sussex,3,Not in employment: Never worked,7567
E07000229,Worthing,-8,Does not apply,72540
E07000229,Worthing,1,Not in employment: Worked in the last 12 months,4422
E07000229,Worthing,2,Not in employment: Not worked in the last 12 months,27193
E07000229,Worthing,3,Not in employment: Never worked,7184
E07000234,Bromsgrove,-8,Does not apply,65369
E07000234,Bromsgrove,1,Not in employment: Worked in the last 12 months,3674
E07000234,Bromsgrove,2,Not in employment: Not worked in the last 12 months,23714
E07000234,Bromsgrove,3,Not in employment: Never worked,6426
E07000235,Malvern Hills,-8,Does not apply,48166
E07000235,Malvern Hills,1,Not in employment: Worked in the last 12 months,3106
E07000235,Malvern Hills,2,Not in employment: Not worked in the last 12 months,23241
E07000235,Malvern Hills,3,Not in employment: Never worked,4974
E07000236,Redditch,-8,Does not apply,59479
E07000236,Redditch,1,Not in employment: Worked in the last 12 months,3535
E07000236,Redditch,2,Not in employment: Not worked in the last 12 months,17672
E07000236,Redditch,3,Not in employment: Never worked,6350
E07000237,Worcester,-8,Does not apply,69894
E07000237,Worcester,1,Not in employment: Worked in the last 12 months,5202
E07000237,Worcester,2,Not in employment: Not worked in the last 12 months,21299
E07000237,Worcester,3,Not in employment: Never worked,7477
E07000238,Wychavon,-8,Does not apply,85435
E07000238,Wychavon,1,Not in employment: Worked in the last 12 months,5069
E07000238,Wychavon,2,Not in employment: Not worked in the last 12 months,34017
E07000238,Wychavon,3,Not in employment: Never worked,7974
E07000239,Wyre Forest,-8,Does not apply,62833
E07000239,Wyre Forest,1,Not in employment: Worked in the last 12 months,3897
E07000239,Wyre Forest,2,Not in employment: Not worked in the last 12 months,27127
E07000239,Wyre Forest,3,Not in employment: Never worked,7750
E07000240,St Albans,-8,Does not apply,104947
E07000240,St Albans,1,Not in employment: Worked in the last 12 months,5778
E07000240,St Albans,2,Not in employment: Not worked in the last 12 months,29034
E07000240,St Albans,3,Not in employment: Never worked,8408
E07000241,Welwyn Hatfield,-8,Does not apply,80500
E07000241,Welwyn Hatfield,1,Not in employment: Worked in the last 12 months,6956
E07000241,Welwyn Hatfield,2,Not in employment: Not worked in the last 12 months,22873
E07000241,Welwyn Hatfield,3,Not in employment: Never worked,9506
E07000242,East Hertfordshire,-8,Does not apply,105530
E07000242,East Hertfordshire,1,Not in employment: Worked in the last 12 months,6040
E07000242,East Hertfordshire,2,Not in employment: Not worked in the last 12 months,30349
E07000242,East Hertfordshire,3,Not in employment: Never worked,8239
E07000243,Stevenage,-8,Does not apply,63719
E07000243,Stevenage,1,Not in employment: Worked in the last 12 months,3482
E07000243,Stevenage,2,Not in employment: Not worked in the last 12 months,16315
E07000243,Stevenage,3,Not in employment: Never worked,5979
E07000244,East Suffolk,-8,Does not apply,145704
E07000244,East Suffolk,1,Not in employment: Worked in the last 12 months,9755
E07000244,East Suffolk,2,Not in employment: Not worked in the last 12 months,74032
E07000244,East Suffolk,3,Not in employment: Never worked,16566
E07000245,West Suffolk,-8,Does not apply,121440
E07000245,West Suffolk,1,Not in employment: Worked in the last 12 months,7603
E07000245,West Suffolk,2,Not in employment: Not worked in the last 12 months,40209
E07000245,West Suffolk,3,Not in employment: Never worked,10696
E07000246,Somerset West and Taunton,-8,Does not apply,99444
E07000246,Somerset West and Taunton,1,Not in employment: Worked in the last 12 months,6065
E07000246,Somerset West and Taunton,2,Not in employment: Not worked in the last 12 months,42287
E07000246,Somerset West and Taunton,3,Not in employment: Never worked,9649
E08000001,Bolton,-8,Does not apply,189112
E08000001,Bolton,1,Not in employment: Worked in the last 12 months,11655
E08000001,Bolton,2,Not in employment: Not worked in the last 12 months,59565
E08000001,Bolton,3,Not in employment: Never worked,35631
E08000002,Bury,-8,Does not apply,127461
E08000002,Bury,1,Not in employment: Worked in the last 12 months,7386
E08000002,Bury,2,Not in employment: Not worked in the last 12 months,40164
E08000002,Bury,3,Not in employment: Never worked,18840
E08000003,Manchester,-8,Does not apply,348263
E08000003,Manchester,1,Not in employment: Worked in the last 12 months,38807
E08000003,Manchester,2,Not in employment: Not worked in the last 12 months,83518
E08000003,Manchester,3,Not in employment: Never worked,81350
E08000004,Oldham,-8,Does not apply,153259
E08000004,Oldham,1,Not in employment: Worked in the last 12 months,10257
E08000004,Oldham,2,Not in employment: Not worked in the last 12 months,46495
E08000004,Oldham,3,Not in employment: Never worked,32077
E08000005,Rochdale,-8,Does not apply,143285
E08000005,Rochdale,1,Not in employment: Worked in the last 12 months,8988
E08000005,Rochdale,2,Not in employment: Not worked in the last 12 months,44498
E08000005,Rochdale,3,Not in employment: Never worked,27002
E08000006,Salford,-8,Does not apply,180606
E08000006,Salford,1,Not in employment: Worked in the last 12 months,14210
E08000006,Salford,2,Not in employment: Not worked in the last 12 months,46554
E08000006,Salford,3,Not in employment: Never worked,28553
E08000007,Stockport,-8,Does not apply,195652
E08000007,Stockport,1,Not in employment: Worked in the last 12 months,10900
E08000007,Stockport,2,Not in employment: Not worked in the last 12 months,65698
E08000007,Stockport,3,Not in employment: Never worked,22523
E08000008,Tameside,-8,Does not apply,151590
E08000008,Tameside,1,Not in employment: Worked in the last 12 months,8798
E08000008,Tameside,2,Not in employment: Not worked in the last 12 months,47926
E08000008,Tameside,3,Not in employment: Never worked,22757
E08000009,Trafford,-8,Does not apply,160459
E08000009,Trafford,1,Not in employment: Worked in the last 12 months,9156
E08000009,Trafford,2,Not in employment: Not worked in the last 12 months,46700
E08000009,Trafford,3,Not in employment: Never worked,18738
E08000010,Wigan,-8,Does not apply,215250
E08000010,Wigan,1,Not in employment: Worked in the last 12 months,12012
E08000010,Wigan,2,Not in employment: Not worked in the last 12 months,72576
E08000010,Wigan,3,Not in employment: Never worked,29492
E08000011,Knowsley,-8,Does not apply,99712
E08000011,Knowsley,1,Not in employment: Worked in the last 12 months,6112
E08000011,Knowsley,2,Not in employment: Not worked in the last 12 months,30193
E08000011,Knowsley,3,Not in employment: Never worked,18502
E08000012,Liverpool,-8,Does not apply,288810
E08000012,Liverpool,1,Not in employment: Worked in the last 12 months,33594
E08000012,Liverpool,2,Not in employment: Not worked in the last 12 months,97059
E08000012,Liverpool,3,Not in employment: Never worked,66625
E08000013,St. Helens,-8,Does not apply,115300
E08000013,St. Helens,1,Not in employment: Worked in the last 12 months,6828
E08000013,St. Helens,2,Not in employment: Not worked in the last 12 months,42822
E08000013,St. Helens,3,Not in employment: Never worked,18296
E08000014,Sefton,-8,Does not apply,171440
E08000014,Sefton,1,Not in employment: Worked in the last 12 months,10990
E08000014,Sefton,2,Not in employment: Not worked in the last 12 months,70851
E08000014,Sefton,3,Not in employment: Never worked,25952
E08000015,Wirral,-8,Does not apply,197591
E08000015,Wirral,1,Not in employment: Worked in the last 12 months,12285
E08000015,Wirral,2,Not in employment: Not worked in the last 12 months,79958
E08000015,Wirral,3,Not in employment: Never worked,30365
E08000016,Barnsley,-8,Does not apply,156462
E08000016,Barnsley,1,Not in employment: Worked in the last 12 months,8953
E08000016,Barnsley,2,Not in employment: Not worked in the last 12 months,56262
E08000016,Barnsley,3,Not in employment: Never worked,22895
E08000017,Doncaster,-8,Does not apply,195039
E08000017,Doncaster,1,Not in employment: Worked in the last 12 months,12720
E08000017,Doncaster,2,Not in employment: Not worked in the last 12 months,69605
E08000017,Doncaster,3,Not in employment: Never worked,30742
E08000018,Rotherham,-8,Does not apply,168037
E08000018,Rotherham,1,Not in employment: Worked in the last 12 months,10199
E08000018,Rotherham,2,Not in employment: Not worked in the last 12 months,60330
E08000018,Rotherham,3,Not in employment: Never worked,27241
E08000019,Sheffield,-8,Does not apply,342278
E08000019,Sheffield,1,Not in employment: Worked in the last 12 months,32397
E08000019,Sheffield,2,Not in employment: Not worked in the last 12 months,118632
E08000019,Sheffield,3,Not in employment: Never worked,63214
E08000021,Newcastle upon Tyne,-8,Does not apply,176753
E08000021,Newcastle upon Tyne,1,Not in employment: Worked in the last 12 months,22905
E08000021,Newcastle upon Tyne,2,Not in employment: Not worked in the last 12 months,60262
E08000021,Newcastle upon Tyne,3,Not in employment: Never worked,40205
E08000022,North Tyneside,-8,Does not apply,134720
E08000022,North Tyneside,1,Not in employment: Worked in the last 12 months,7596
E08000022,North Tyneside,2,Not in employment: Not worked in the last 12 months,47414
E08000022,North Tyneside,3,Not in employment: Never worked,19237
E08000023,South Tyneside,-8,Does not apply,88992
E08000023,South Tyneside,1,Not in employment: Worked in the last 12 months,5746
E08000023,South Tyneside,2,Not in employment: Not worked in the last 12 months,35430
E08000023,South Tyneside,3,Not in employment: Never worked,17608
E08000024,Sunderland,-8,Does not apply,165252
E08000024,Sunderland,1,Not in employment: Worked in the last 12 months,10871
E08000024,Sunderland,2,Not in employment: Not worked in the last 12 months,63945
E08000024,Sunderland,3,Not in employment: Never worked,34104
E08000025,Birmingham,-8,Does not apply,697714
E08000025,Birmingham,1,Not in employment: Worked in the last 12 months,60649
E08000025,Birmingham,2,Not in employment: Not worked in the last 12 months,200437
E08000025,Birmingham,3,Not in employment: Never worked,186119
E08000026,Coventry,-8,Does not apply,218594
E08000026,Coventry,1,Not in employment: Worked in the last 12 months,20968
E08000026,Coventry,2,Not in employment: Not worked in the last 12 months,64571
E08000026,Coventry,3,Not in employment: Never worked,41191
E08000027,Dudley,-8,Does not apply,205640
E08000027,Dudley,1,Not in employment: Worked in the last 12 months,11916
E08000027,Dudley,2,Not in employment: Not worked in the last 12 months,75739
E08000027,Dudley,3,Not in employment: Never worked,30193
E08000028,Sandwell,-8,Does not apply,216876
E08000028,Sandwell,1,Not in employment: Worked in the last 12 months,14496
E08000028,Sandwell,2,Not in employment: Not worked in the last 12 months,62719
E08000028,Sandwell,3,Not in employment: Never worked,47741
E08000029,Solihull,-8,Does not apply,139678
E08000029,Solihull,1,Not in employment: Worked in the last 12 months,8432
E08000029,Solihull,2,Not in employment: Not worked in the last 12 months,50849
E08000029,Solihull,3,Not in employment: Never worked,17281
E08000030,Walsall,-8,Does not apply,179557
E08000030,Walsall,1,Not in employment: Worked in the last 12 months,10932
E08000030,Walsall,2,Not in employment: Not worked in the last 12 months,59548
E08000030,Walsall,3,Not in employment: Never worked,34087
E08000031,Wolverhampton,-8,Does not apply,166594
E08000031,Wolverhampton,1,Not in employment: Worked in the last 12 months,11602
E08000031,Wolverhampton,2,Not in employment: Not worked in the last 12 months,53234
E08000031,Wolverhampton,3,Not in employment: Never worked,32297
E08000032,Bradford,-8,Does not apply,345974
E08000032,Bradford,1,Not in employment: Worked in the last 12 months,21691
E08000032,Bradford,2,Not in employment: Not worked in the last 12 months,101628
E08000032,Bradford,3,Not in employment: Never worked,77118
E08000033,Calderdale,-8,Does not apply,133378
E08000033,Calderdale,1,Not in employment: Worked in the last 12 months,8243
E08000033,Calderdale,2,Not in employment: Not worked in the last 12 months,46609
E08000033,Calderdale,3,Not in employment: Never worked,18401
E08000034,Kirklees,-8,Does not apply,277025
E08000034,Kirklees,1,Not in employment: Worked in the last 12 months,17780
E08000034,Kirklees,2,Not in employment: Not worked in the last 12 months,91330
E08000034,Kirklees,3,Not in employment: Never worked,47081
E08000035,Leeds,-8,Does not apply,527546
E08000035,Leeds,1,Not in employment: Worked in the last 12 months,46612
E08000035,Leeds,2,Not in employment: Not worked in the last 12 months,160051
E08000035,Leeds,3,Not in employment: Never worked,77744
E08000036,Wakefield,-8,Does not apply,230473
E08000036,Wakefield,1,Not in employment: Worked in the last 12 months,13266
E08000036,Wakefield,2,Not in employment: Not worked in the last 12 months,79025
E08000036,Wakefield,3,Not in employment: Never worked,30606
E08000037,Gateshead,-8,Does not apply,121921
E08000037,Gateshead,1,Not in employment: Worked in the last 12 months,7685
E08000037,Gateshead,2,Not in employment: Not worked in the last 12 months,45185
E08000037,Gateshead,3,Not in employment: Never worked,21360
E09000001,City of London,-8,Does not apply,5930
E09000001,City of London,1,Not in employment: Worked in the last 12 months,508
E09000001,City of London,2,Not in employment: Not worked in the last 12 months,1412
E09000001,City of London,3,Not in employment: Never worked,733
E09000002,Barking and Dagenham,-8,Does not apply,151713
E09000002,Barking and Dagenham,1,Not in employment: Worked in the last 12 months,10242
E09000002,Barking and Dagenham,2,Not in employment: Not worked in the last 12 months,28678
E09000002,Barking and Dagenham,3,Not in employment: Never worked,28236
E09000003,Barnet,-8,Does not apply,266165
E09000003,Barnet,1,Not in employment: Worked in the last 12 months,18730
E09000003,Barnet,2,Not in employment: Not worked in the last 12 months,63342
E09000003,Barnet,3,Not in employment: Never worked,41107
E09000004,Bexley,-8,Does not apply,168628
E09000004,Bexley,1,Not in employment: Worked in the last 12 months,10402
E09000004,Bexley,2,Not in employment: Not worked in the last 12 months,47214
E09000004,Bexley,3,Not in employment: Never worked,20228
E09000005,Brent,-8,Does not apply,225670
E09000005,Brent,1,Not in employment: Worked in the last 12 months,18479
E09000005,Brent,2,Not in employment: Not worked in the last 12 months,48297
E09000005,Brent,3,Not in employment: Never worked,47370
E09000006,Bromley,-8,Does not apply,227025
E09000006,Bromley,1,Not in employment: Worked in the last 12 months,12797
E09000006,Bromley,2,Not in employment: Not worked in the last 12 months,67099
E09000006,Bromley,3,Not in employment: Never worked,23070
E09000007,Camden,-8,Does not apply,134739
E09000007,Camden,1,Not in employment: Worked in the last 12 months,13558
E09000007,Camden,2,Not in employment: Not worked in the last 12 months,34511
E09000007,Camden,3,Not in employment: Never worked,27328
E09000008,Croydon,-8,Does not apply,269728
E09000008,Croydon,1,Not in employment: Worked in the last 12 months,18113
E09000008,Croydon,2,Not in employment: Not worked in the last 12 months,64606
E09000008,Croydon,3,Not in employment: Never worked,38272
E09000009,Ealing,-8,Does not apply,246770
E09000009,Ealing,1,Not in employment: Worked in the last 12 months,19236
E09000009,Ealing,2,Not in employment: Not worked in the last 12 months,54181
E09000009,Ealing,3,Not in employment: Never worked,46928
E09000010,Enfield,-8,Does not apply,216666
E09000010,Enfield,1,Not in employment: Worked in the last 12 months,15731
E09000010,Enfield,2,Not in employment: Not worked in the last 12 months,54454
E09000010,Enfield,3,Not in employment: Never worked,43133
E09000011,Greenwich,-8,Does not apply,202255
E09000011,Greenwich,1,Not in employment: Worked in the last 12 months,14364
E09000011,Greenwich,2,Not in employment: Not worked in the last 12 months,42785
E09000011,Greenwich,3,Not in employment: Never worked,29664
E09000012,Hackney,-8,Does not apply,183988
E09000012,Hackney,1,Not in employment: Worked in the last 12 months,12852
E09000012,Hackney,2,Not in employment: Not worked in the last 12 months,30710
E09000012,Hackney,3,Not in employment: Never worked,31596
E09000013,Hammersmith and Fulham,-8,Does not apply,126623
E09000013,Hammersmith and Fulham,1,Not in employment: Worked in the last 12 months,10625
E09000013,Hammersmith and Fulham,2,Not in employment: Not worked in the last 12 months,27259
E09000013,Hammersmith and Fulham,3,Not in employment: Never worked,18650
E09000014,Haringey,-8,Does not apply,182619
E09000014,Haringey,1,Not in employment: Worked in the last 12 months,14433
E09000014,Haringey,2,Not in employment: Not worked in the last 12 months,36838
E09000014,Haringey,3,Not in employment: Never worked,30349
E09000015,Harrow,-8,Does not apply,176619
E09000015,Harrow,1,Not in employment: Worked in the last 12 months,11723
E09000015,Harrow,2,Not in employment: Not worked in the last 12 months,42238
E09000015,Harrow,3,Not in employment: Never worked,30623
E09000016,Havering,-8,Does not apply,177103
E09000016,Havering,1,Not in employment: Worked in the last 12 months,10788
E09000016,Havering,2,Not in employment: Not worked in the last 12 months,52153
E09000016,Havering,3,Not in employment: Never worked,22008
E09000017,Hillingdon,-8,Does not apply,206836
E09000017,Hillingdon,1,Not in employment: Worked in the last 12 months,15400
E09000017,Hillingdon,2,Not in employment: Not worked in the last 12 months,49255
E09000017,Hillingdon,3,Not in employment: Never worked,34418
E09000018,Hounslow,-8,Does not apply,198300
E09000018,Hounslow,1,Not in employment: Worked in the last 12 months,14900
E09000018,Hounslow,2,Not in employment: Not worked in the last 12 months,42007
E09000018,Hounslow,3,Not in employment: Never worked,32974
E09000019,Islington,-8,Does not apply,147933
E09000019,Islington,1,Not in employment: Worked in the last 12 months,12445
E09000019,Islington,2,Not in employment: Not worked in the last 12 months,32049
E09000019,Islington,3,Not in employment: Never worked,24162
E09000020,Kensington and Chelsea,-8,Does not apply,89726
E09000020,Kensington and Chelsea,1,Not in employment: Worked in the last 12 months,7954
E09000020,Kensington and Chelsea,2,Not in employment: Not worked in the last 12 months,27076
E09000020,Kensington and Chelsea,3,Not in employment: Never worked,18619
E09000021,Kingston upon Thames,-8,Does not apply,116747
E09000021,Kingston upon Thames,1,Not in employment: Worked in the last 12 months,8399
E09000021,Kingston upon Thames,2,Not in employment: Not worked in the last 12 months,29152
E09000021,Kingston upon Thames,3,Not in employment: Never worked,13764
E09000022,Lambeth,-8,Does not apply,231529
E09000022,Lambeth,1,Not in employment: Worked in the last 12 months,16938
E09000022,Lambeth,2,Not in employment: Not worked in the last 12 months,40140
E09000022,Lambeth,3,Not in employment: Never worked,29047
E09000023,Lewisham,-8,Does not apply,213854
E09000023,Lewisham,1,Not in employment: Worked in the last 12 months,15859
E09000023,Lewisham,2,Not in employment: Not worked in the last 12 months,42205
E09000023,Lewisham,3,Not in employment: Never worked,28635
E09000024,Merton,-8,Does not apply,154480
E09000024,Merton,1,Not in employment: Worked in the last 12 months,9646
E09000024,Merton,2,Not in employment: Not worked in the last 12 months,32938
E09000024,Merton,3,Not in employment: Never worked,18123
E09000025,Newham,-8,Does not apply,238307
E09000025,Newham,1,Not in employment: Worked in the last 12 months,19003
E09000025,Newham,2,Not in employment: Not worked in the last 12 months,38773
E09000025,Newham,3,Not in employment: Never worked,54952
E09000026,Redbridge,-8,Does not apply,209870
E09000026,Redbridge,1,Not in employment: Worked in the last 12 months,14123
E09000026,Redbridge,2,Not in employment: Not worked in the last 12 months,45720
E09000026,Redbridge,3,Not in employment: Never worked,40547
E09000027,Richmond upon Thames,-8,Does not apply,137009
E09000027,Richmond upon Thames,1,Not in employment: Worked in the last 12 months,8735
E09000027,Richmond upon Thames,2,Not in employment: Not worked in the last 12 months,36926
E09000027,Richmond upon Thames,3,Not in employment: Never worked,12608
E09000028,Southwark,-8,Does not apply,218449
E09000028,Southwark,1,Not in employment: Worked in the last 12 months,18062
E09000028,Southwark,2,Not in employment: Not worked in the last 12 months,39864
E09000028,Southwark,3,Not in employment: Never worked,31262
E09000029,Sutton,-8,Does not apply,148206
E09000029,Sutton,1,Not in employment: Worked in the last 12 months,8407
E09000029,Sutton,2,Not in employment: Not worked in the last 12 months,36539
E09000029,Sutton,3,Not in employment: Never worked,16487
E09000030,Tower Hamlets,-8,Does not apply,212815
E09000030,Tower Hamlets,1,Not in employment: Worked in the last 12 months,17585
E09000030,Tower Hamlets,2,Not in employment: Not worked in the last 12 months,33691
E09000030,Tower Hamlets,3,Not in employment: Never worked,46215
E09000031,Waltham Forest,-8,Does not apply,196616
E09000031,Waltham Forest,1,Not in employment: Worked in the last 12 months,13193
E09000031,Waltham Forest,2,Not in employment: Not worked in the last 12 months,38003
E09000031,Waltham Forest,3,Not in employment: Never worked,30614
E09000032,Wandsworth,-8,Does not apply,244390
E09000032,Wandsworth,1,Not in employment: Worked in the last 12 months,15140
E09000032,Wandsworth,2,Not in employment: Not worked in the last 12 months,42978
E09000032,Wandsworth,3,Not in employment: Never worked,24998
E09000033,Westminster,-8,Does not apply,128511
E09000033,Westminster,1,Not in employment: Worked in the last 12 months,12362
E09000033,Westminster,2,Not in employment: Not worked in the last 12 months,33356
E09000033,Westminster,3,Not in employment: Never worked,30007
W06000001,Isle of Anglesey,-8,Does not apply,40933
W06000001,Isle of Anglesey,1,Not in employment: Worked in the last 12 months,2710
W06000001,Isle of Anglesey,2,Not in employment: Not worked in the last 12 months,20010
W06000001,Isle of Anglesey,3,Not in employment: Never worked,5225
W06000002,Gwynedd,-8,Does not apply,71242
W06000002,Gwynedd,1,Not in employment: Worked in the last 12 months,6669
W06000002,Gwynedd,2,Not in employment: Not worked in the last 12 months,30948
W06000002,Gwynedd,3,Not in employment: Never worked,8534
W06000003,Conwy,-8,Does not apply,67100
W06000003,Conwy,1,Not in employment: Worked in the last 12 months,4763
W06000003,Conwy,2,Not in employment: Not worked in the last 12 months,34132
W06000003,Conwy,3,Not in employment: Never worked,8746
W06000004,Denbighshire,-8,Does not apply,57755
W06000004,Denbighshire,1,Not in employment: Worked in the last 12 months,3607
W06000004,Denbighshire,2,Not in employment: Not worked in the last 12 months,26240
W06000004,Denbighshire,3,Not in employment: Never worked,8216
W06000005,Flintshire,-8,Does not apply,101205
W06000005,Flintshire,1,Not in employment: Worked in the last 12 months,6127
W06000005,Flintshire,2,Not in employment: Not worked in the last 12 months,36776
W06000005,Flintshire,3,Not in employment: Never worked,10855
W06000006,Wrexham,-8,Does not apply,86648
W06000006,Wrexham,1,Not in employment: Worked in the last 12 months,5318
W06000006,Wrexham,2,Not in employment: Not worked in the last 12 months,32013
W06000006,Wrexham,3,Not in employment: Never worked,11138
W06000008,Ceredigion,-8,Does not apply,40203
W06000008,Ceredigion,1,Not in employment: Worked in the last 12 months,4290
W06000008,Ceredigion,2,Not in employment: Not worked in the last 12 months,21326
W06000008,Ceredigion,3,Not in employment: Never worked,5656
W06000009,Pembrokeshire,-8,Does not apply,73574
W06000009,Pembrokeshire,1,Not in employment: Worked in the last 12 months,5009
W06000009,Pembrokeshire,2,Not in employment: Not worked in the last 12 months,35721
W06000009,Pembrokeshire,3,Not in employment: Never worked,9056
W06000010,Carmarthenshire,-8,Does not apply,114362
W06000010,Carmarthenshire,1,Not in employment: Worked in the last 12 months,6642
W06000010,Carmarthenshire,2,Not in employment: Not worked in the last 12 months,51422
W06000010,Carmarthenshire,3,Not in employment: Never worked,15471
W06000011,Swansea,-8,Does not apply,141246
W06000011,Swansea,1,Not in employment: Worked in the last 12 months,13112
W06000011,Swansea,2,Not in employment: Not worked in the last 12 months,60788
W06000011,Swansea,3,Not in employment: Never worked,23344
W06000012,Neath Port Talbot,-8,Does not apply,84296
W06000012,Neath Port Talbot,1,Not in employment: Worked in the last 12 months,5826
W06000012,Neath Port Talbot,2,Not in employment: Not worked in the last 12 months,37295
W06000012,Neath Port Talbot,3,Not in employment: Never worked,14872
W06000013,Bridgend,-8,Does not apply,89990
W06000013,Bridgend,1,Not in employment: Worked in the last 12 months,5704
W06000013,Bridgend,2,Not in employment: Not worked in the last 12 months,36809
W06000013,Bridgend,3,Not in employment: Never worked,12985
W06000014,Vale of Glamorgan,-8,Does not apply,84397
W06000014,Vale of Glamorgan,1,Not in employment: Worked in the last 12 months,4927
W06000014,Vale of Glamorgan,2,Not in employment: Not worked in the last 12 months,32604
W06000014,Vale of Glamorgan,3,Not in employment: Never worked,10011
W06000015,Cardiff,-8,Does not apply,226434
W06000015,Cardiff,1,Not in employment: Worked in the last 12 months,24444
W06000015,Cardiff,2,Not in employment: Not worked in the last 12 months,72621
W06000015,Cardiff,3,Not in employment: Never worked,38809
W06000016,Rhondda Cynon Taf,-8,Does not apply,147197
W06000016,Rhondda Cynon Taf,1,Not in employment: Worked in the last 12 months,8928
W06000016,Rhondda Cynon Taf,2,Not in employment: Not worked in the last 12 months,57478
W06000016,Rhondda Cynon Taf,3,Not in employment: Never worked,24048
W06000018,Caerphilly,-8,Does not apply,109909
W06000018,Caerphilly,1,Not in employment: Worked in the last 12 months,5947
W06000018,Caerphilly,2,Not in employment: Not worked in the last 12 months,42520
W06000018,Caerphilly,3,Not in employment: Never worked,17576
W06000019,Blaenau Gwent,-8,Does not apply,40559
W06000019,Blaenau Gwent,1,Not in employment: Worked in the last 12 months,2301
W06000019,Blaenau Gwent,2,Not in employment: Not worked in the last 12 months,16896
W06000019,Blaenau Gwent,3,Not in employment: Never worked,7148
W06000020,Torfaen,-8,Does not apply,57818
W06000020,Torfaen,1,Not in employment: Worked in the last 12 months,3338
W06000020,Torfaen,2,Not in employment: Not worked in the last 12 months,23258
W06000020,Torfaen,3,Not in employment: Never worked,7862
W06000021,Monmouthshire,-8,Does not apply,57548
W06000021,Monmouthshire,1,Not in employment: Worked in the last 12 months,3599
W06000021,Monmouthshire,2,Not in employment: Not worked in the last 12 months,25961
W06000021,Monmouthshire,3,Not in employment: Never worked,5849
W06000022,Newport,-8,Does not apply,104958
W06000022,Newport,1,Not in employment: Worked in the last 12 months,6275
W06000022,Newport,2,Not in employment: Not worked in the last 12 months,33236
W06000022,Newport,3,Not in employment: Never worked,15124
W06000023,Powys,-8,Does not apply,82359
W06000023,Powys,1,Not in employment: Worked in the last 12 months,5123
W06000023,Powys,2,Not in employment: Not worked in the last 12 months,37170
W06000023,Powys,3,Not in employment: Never worked,8517
W06000024,Merthyr Tydfil,-8,Does not apply,36797
W06000024,Merthyr Tydfil,1,Not in employment: Worked in the last 12 months,2131
W06000024,Merthyr Tydfil,2,Not in employment: Not worked in the last 12 months,13769
W06000024,Merthyr Tydfil,3,Not in employment: Never worked,6142
